{
  "name": "Sun and Moon",
  "id": "fetzerch-sunandmoon-datasource",
  "type": "datasource",

  "metrics": true,
  "annotations": true,

  "info": {
    "description": "Calculates position of Sun and Moon.",
    "author": {
      "name": "Christian Fetzer",
      "email": "fetzer.ch@gmail.com",
      "url": "https://fetzerch.github.io"
    },
    "keywords": ["sun", "moon", "altitude", "azimuth", "illumination", "distance"],
    "logos": {
      "small": "img/logo.png",
      "large": "img/logo.png"
    },
    "links": [
      {"name": "GitHub", "url": "https://github.com/fetzerch/grafana-sunandmoon-datasource"},
      {"name": "MIT License", "url": "https://github.com/fetzerch/grafana-sunandmoon-datasource/blob/master/LICENSE"}
    ],
    "screenshots": [
      {"name": "Sun and Moon Position", "path": "img/screenshot.png"}
    ],
    "version": "0.2.1",
    "updated": "2020-11-27"
  },
  "dependencies": {
    "grafanaDependency": ">=7.0.0",
    "grafanaVersion": "7.0.0",
    "plugins": []
  }
}
